Page / View Name,Route / URL,Parent Hierarchy,Business Purpose,Main Sections & Modules,Key UI Elements & CTAs,Asset References,Inspection Status,Documentation Status
Homepage & Ecosystem Hub,/,Root,"Flagship operational portal unifying People, Hygiene, Facilities, and Technology.","Hero, Social Proof, 5 Pillars, Vendor Problem, Solutions Grid, Showcase, Testimonials, FAQ, Contact","Dual CTAs, 4-Pillar Quick Bar, 50% Singapore Skyline ambient video, Contact Form","hero-singapore-skyline.mp4, brand logos, 4K WebP assets",Verified 100%,Fully Documented
About OPHRON,/about,Root > About,"Company history, operational philosophy, 20+ years Singapore track record.","Company Vision, Core Principles, Executive Leadership, Timeline","Interactive milestone stepper, executive bios, credential badges","ophron-navy-emblem.png, executive photos",Verified 100%,Fully Documented
Services Overview Catalog,/services,Root > Services,Comprehensive directory of integrated commercial services & SLA guarantees.,"Service Index, 7 Specialized Hygiene Categories, Manpower Suite","Filterable category tabs, Quote request triggers, SLA badges","service-cards.webp, high-res commercial imagery",Verified 100%,Fully Documented
Why OPHRON (Differentiators),/why,Root > Why Us,"Strategic value proposition: single contract, unified accountability vs vendor fragmentation.","Fragmented Problem Matrix, SLA Comparison Table, Cost Optimization","Interactive ROI calculation, comparison grid, client proof cards","client proof assets, before/after comparisons",Verified 100%,Fully Documented
Project Showcase & Gallery,/gallery,Root > Gallery,"Visual evidence of high-precision craft across marble, kitchens, ballrooms, and façades.","Before/After Visual Slider, High-Rise Rope Access, Luxury Ballrooms","Split-screen comparison slider, fullscreen lightbox, metric badges","marble_diamond_shine_4k.webp, facade_glass_tower_4k.webp",Verified 100%,Fully Documented
Executive Leadership Profile,/founder,Root > Leadership,"Founder profile, operational heritage, and executive governance.","Founder Biography, Industry Certifications, Operational Philosophy","Direct email trigger, credential validation badges","executive portrait, company seal",Verified 100%,Fully Documented
Knowledge Base & Articles,/blog,Root > Insights,"Regulatory compliance guides (NEA/SFA), IAQ standards, operational whitepapers.","Article Search, Category Filters, Featured Case Studies, SFA Audit Guides","Article cards, reading time estimator, PDF whitepaper download","blog thumbnails, regulatory charts",Verified 100%,Fully Documented
Complete Articles Archive,/all-articles,Root > Insights > Archive,Complete searchable directory of all published operational and hygiene articles.,"Chronological Article Grid, Topic Tag Index, Newsletter Subscription","Keyword search bar, pagination controls, share buttons",article preview banners,Verified 100%,Fully Documented
Platform Audit & Contact Intake,/contact,Root > Contact,"Lead generation, emergency 24/7 hotline dispatch, and facility audit requests.","Audit Intake Form, 24/7 Hotline Panel, Midview City HQ Map, WhatsApp Link","Multi-field quote form, click-to-call, click-to-WhatsApp","corporate headquarters map, contact badges",Verified 100%,Fully Documented
Mainframe Labs (Tech Studio),/mainframe,Root > Labs,OPHRON Technology & AI SaaS operations dashboard preview and experiments.,"Live Telemetry Preview, Sensor Architecture, IoT IAQ Graphs","Interactive service toggles, telemetry simulation, back to home CTA","curated_dashboard_1.webp, tech matrix assets",Verified 100%,Fully Documented
Service Detail: Marble Polishing,/services#marble,Services > Specialized,Planetary diamond restoration & Italian marble gloss restoration (98+ GU).,"Powder & Diamond Polishing Process, Gloss Index, Hospitality Venues","Request Stone Audit CTA, Gloss meter telemetry",hero_marble_polish_desktop.webp,Verified 100%,Fully Documented
Service Detail: Kitchen Hygiene,/services#kitchen,Services > Hygiene,"Kitchen exhaust degreasing, duct cleaning, and 100% SFA/NEA audit readiness.","Degreasing Methodology, NEA Compliance Checklist, Fire Safety",Schedule Kitchen Deep Clean CTA,kitchen_hygiene_4k.webp,Verified 100%,Fully Documented
Service Detail: Luxury Venue Resets,/services#venues,Services > Turnover,Rapid 60-minute ballroom turnover and luxury banquet maintenance.,"Reset Workflow, Furniture Ergonomics, High-Traffic Floor Care",Request Turnover Crew CTA,banquet_venue_4k.webp,Verified 100%,Fully Documented
Service Detail: Manpower & Staffing,/services#manpower,Services > Workforce,"WSQ-certified stewards, housekeeping, dishwashers, and operational crews.","WSQ Training Modules, Deployment Flexibility, Compliance Verification",Request Staffing Deployment CTA,fnb_stewarding_manpower_4k.webp,Verified 100%,Fully Documented
Service Detail: Rope Access Façade,/services#facade,Services > High-Rise,IRATA-certified rope access high-rise glass and exterior building maintenance.,"IRATA Safety Protocols, Anchor Inspections, Weather Monitoring",Book Façade Inspection CTA,facade_skyscraper_4k.webp,Verified 100%,Fully Documented
Service Detail: Disinfection & IAQ,/services#iaq,Services > IAQ,"Hospital-grade misting, HVAC air filtration, and IoT air quality monitoring.","IAQ Sensor Deployment, Pathogen Reduction, NEA Misting Protocol",Book IAQ Baseline Test CTA,air_iaq_hygiene_4k.webp,Verified 100%,Fully Documented
Service Detail: Post-Construction,/services#post-construction,Services > Handover,"Heavy debris removal, fine dust extraction, and handover certification.","3-Stage Handover Protocol, Acid-Free Chemical Wash, Defect Reporting",Request Handover Clearance CTA,post_construction_cleaning_4k.webp,Verified 100%,Fully Documented
